테스트시나리오ID,테스트시나리오명,테스트케이스ID,테스트케이스 내용,사전조건,예상결과,관련 API,실제결과,pass/fail,테스트수행일,담당자
"테스트_공통_01","헤더 내비게이션 [성공]","테스트_공통_01.001","헤더의 ""이음"" 로고를 클릭한다","페이지 로드 완료","메인페이지(/)로 이동한다","- (프론트 라우팅)",,,,,
"테스트_공통_01","헤더 내비게이션 [성공]","테스트_공통_01.002","헤더에서 ""전국축제"" 메뉴를 클릭한다","페이지 로드 완료","전국축제 메인 페이지(/)로 이동하고 축제 목록이 표시된다","GET /api/festivals → 200",,,,,
"테스트_공통_01","헤더 내비게이션 [성공]","테스트_공통_01.003","헤더에서 ""지난축제"" 메뉴를 클릭한다","페이지 로드 완료","지난축제 페이지(/pastFestivals)로 이동하고 종료 축제 목록이 표시된다","GET /api/festivals?status=ended → 200",,,,,
"테스트_공통_01","헤더 내비게이션 [성공]","테스트_공통_01.004","헤더에서 ""달력"" 메뉴를 클릭한다","페이지 로드 완료","달력 페이지(/calendar)로 이동하고 축제 일정이 표시된다","GET /api/calendar → 200",,,,,
"테스트_공통_01","헤더 내비게이션 [성공]","테스트_공통_01.005","헤더에서 ""커뮤니티"" 메뉴를 클릭한다","페이지 로드 완료","커뮤니티 페이지(/community)로 이동하고 게시글 목록이 표시된다","GET /api/community/posts → 200",,,,,
"테스트_공통_01","헤더 내비게이션 [성공]","테스트_공통_01.006","헤더에서 ""공지"" 메뉴를 클릭한다","페이지 로드 완료","공지사항 페이지(/notices)로 이동하고 공지 목록이 표시된다","GET /api/notices → 200",,,,,
"테스트_공통_01","헤더 내비게이션 [성공]","테스트_공통_01.007","비로그인 상태에서 헤더 우측의 ""로그인"" 버튼을 클릭한다","비로그인 상태","로그인 페이지(/login)로 이동한다","- (프론트 라우팅)",,,,,
"테스트_공통_01","헤더 내비게이션 [성공]","테스트_공통_01.008","로그인 상태에서 헤더 우측의 사용자 프로필/닉네임을 클릭한다","로그인 상태","마이페이지 드롭다운 메뉴가 표시된다","GET /api/users/me → 200",,,,,
"테스트_공통_01","헤더 내비게이션 [성공]","테스트_공통_01.009","로그인 상태에서 ""로그아웃"" 버튼을 클릭한다","로그인 상태","로그아웃 처리 후 메인페이지로 이동하고 ""로그인"" 버튼이 다시 표시된다","POST /api/auth/logout → 200",,,,,
"테스트_공통_01","헤더 내비게이션 [성공]","테스트_공통_01.010","현재 접속 중인 페이지에 해당하는 헤더 메뉴를 확인한다","페이지 로드 완료","현재 페이지에 해당하는 메뉴에 활성화(하이라이트) 스타일이 적용된다","- (프론트 UI)",,,,,
"테스트_공통_02","푸터 [성공]","테스트_공통_02.001","푸터의 ""전국축제"" 링크를 클릭한다","페이지 로드 완료","전국축제 메인 페이지로 이동한다","- (프론트 라우팅)",,,,,
"테스트_공통_02","푸터 [성공]","테스트_공통_02.002","푸터의 ""지난축제"" 링크를 클릭한다","페이지 로드 완료","지난축제 페이지로 이동한다","- (프론트 라우팅)",,,,,
"테스트_공통_02","푸터 [성공]","테스트_공통_02.003","푸터의 ""축제 달력"" 링크를 클릭한다","페이지 로드 완료","달력 페이지로 이동한다","- (프론트 라우팅)",,,,,
"테스트_공통_02","푸터 [성공]","테스트_공통_02.004","푸터의 ""커뮤니티"" 링크를 클릭한다","페이지 로드 완료","커뮤니티 페이지로 이동한다","- (프론트 라우팅)",,,,,
"테스트_공통_02","푸터 [성공]","테스트_공통_02.005","푸터의 ""공지사항"" 링크를 클릭한다","페이지 로드 완료","공지사항 페이지로 이동한다","- (프론트 라우팅)",,,,,
"테스트_공통_02","푸터 [성공]","테스트_공통_02.006","푸터의 ""1:1 문의"" 링크를 클릭한다","페이지 로드 완료","1:1 문의 페이지(/inquiry)로 이동한다","- (프론트 라우팅)",,,,,
"테스트_공통_02","푸터 [성공]","테스트_공통_02.007","푸터 하단의 이메일, 전화번호, 운영시간 정보가 표시되는지 확인한다","페이지 로드 완료","ieum@festival.kr, 02-1234-5678, 평일 09:00~18:00 정보가 정상 표시된다","- (프론트 UI)",,,,,
"테스트_인증_01","로그인 [성공]","테스트_인증_01.001","로그인 페이지에 접속한다","비로그인 상태","아이디/비밀번호 입력 폼, 소셜 로그인 버튼(카카오/네이버/구글), 회원가입 링크가 표시된다","- (프론트 UI)",,,,,
"테스트_인증_01","로그인 [성공]","테스트_인증_01.002","올바른 아이디와 비밀번호를 입력하고 로그인 버튼을 클릭한다","비로그인 상태 / 유효 계정","로그인 성공(200) 후 메인 페이지로 이동하고 헤더에 닉네임이 표시된다","POST /api/auth/login → 200",,,,,
"테스트_인증_01","로그인 [성공]","테스트_인증_01.003","비밀번호 입력 필드의 눈 아이콘(토글)을 클릭한다","로그인 페이지","비밀번호가 평문으로 표시되고, 다시 클릭하면 마스킹 처리된다","- (프론트 UI)",,,,,
"테스트_인증_01","로그인 [성공]","테스트_인증_01.004","""아이디 저장"" 체크박스를 체크한 후 로그인한다","비로그인 상태","다음 접속 시 아이디 입력란에 저장한 아이디가 자동 입력되어 있다","- (프론트 localStorage)",,,,,
"테스트_인증_01","로그인 [성공]","테스트_인증_01.005","""카카오 로그인"" 버튼을 클릭한다","비로그인 상태","카카오 OAuth 인증 페이지로 리다이렉트된다","GET /oauth2/authorization/kakao → 302",,,,,
"테스트_인증_01","로그인 [성공]","테스트_인증_01.006","""네이버 로그인"" 버튼을 클릭한다","비로그인 상태","네이버 OAuth 인증 페이지로 리다이렉트된다","GET /oauth2/authorization/naver → 302",,,,,
"테스트_인증_01","로그인 [성공]","테스트_인증_01.007","""구글 로그인"" 버튼을 클릭한다","비로그인 상태","구글 OAuth 인증 페이지로 리다이렉트된다","GET /oauth2/authorization/google → 302",,,,,
"테스트_인증_01","로그인 [성공]","테스트_인증_01.008","""비밀번호 찾기"" 링크를 클릭한다","로그인 페이지","비밀번호 찾기 페이지(/find-password)로 이동한다","- (프론트 라우팅)",,,,,
"테스트_인증_01","로그인 [성공]","테스트_인증_01.009","""회원가입"" 링크를 클릭한다","로그인 페이지","회원가입 페이지(/register)로 이동한다","- (프론트 라우팅)",,,,,
"테스트_인증_01","로그인 [실패]","테스트_인증_01.010","존재하지 않는 아이디로 로그인을 시도한다","비로그인 상태","API 401 응답, ""아이디 또는 비밀번호가 올바르지 않습니다"" 오류 메시지가 표시된다","POST /api/auth/login → 401",,,,,
"테스트_인증_01","로그인 [실패]","테스트_인증_01.011","올바른 아이디에 잘못된 비밀번호로 로그인을 시도한다","비로그인 상태","API 401 응답, ""아이디 또는 비밀번호가 올바르지 않습니다"" 오류 메시지가 표시된다","POST /api/auth/login → 401",,,,,
"테스트_인증_01","로그인 [실패]","테스트_인증_01.012","아이디를 빈칸으로 두고 로그인 버튼을 클릭한다","비로그인 상태","아이디 입력 필수 안내 메시지가 표시된다 (API 호출 전 프론트 검증)","- (프론트 유효성 검사)",,,,,
"테스트_인증_01","로그인 [실패]","테스트_인증_01.013","비밀번호를 빈칸으로 두고 로그인 버튼을 클릭한다","비로그인 상태","비밀번호 입력 필수 안내 메시지가 표시된다 (API 호출 전 프론트 검증)","- (프론트 유효성 검사)",,,,,
"테스트_인증_02","회원가입 [성공]","테스트_인증_02.001","회원가입 페이지에 접속한다","비로그인 상태","아이디, 닉네임, 휴대폰번호, 비밀번호 입력 폼과 약관동의 체크박스가 표시된다","- (프론트 UI)",,,,,
"테스트_인증_02","회원가입 [성공]","테스트_인증_02.002","모든 필드를 올바르게 입력하고 약관에 동의한 후 회원가입 버튼을 클릭한다","비로그인 상태 / 유효 입력","API 201 응답, 회원가입 성공 메시지가 표시되고 로그인 페이지로 이동한다","POST /api/auth/signup → 201",,,,,
"테스트_인증_02","회원가입 [성공]","테스트_인증_02.003","""전체 동의"" 체크박스를 클릭한다","회원가입 페이지","이용약관, 개인정보처리방침 등 모든 하위 체크박스가 일괄 선택된다","- (프론트 UI)",,,,,
"테스트_인증_02","회원가입 [실패]","테스트_인증_02.004","아이디를 3자 이하(영문/숫자 4자 미만)로 입력한다","회원가입 페이지","""영문/숫자 4자 이상"" 유효성 검사 오류 메시지가 표시된다","- (프론트 유효성 검사)",,,,,
"테스트_인증_02","회원가입 [실패]","테스트_인증_02.005","이미 존재하는 아이디로 가입을 시도한다","회원가입 페이지","API 409 응답, ""이미 사용 중인 아이디입니다"" 오류 메시지가 표시된다","POST /api/auth/signup → 409",,,,,
"테스트_인증_02","회원가입 [실패]","테스트_인증_02.006","닉네임을 1자(2자 미만)로 입력한다","회원가입 페이지","""2~8자 사이로 입력해주세요"" 유효성 검사 오류 메시지가 표시된다","- (프론트 유효성 검사)",,,,,
"테스트_인증_02","회원가입 [실패]","테스트_인증_02.007","닉네임을 9자 이상으로 입력한다","회원가입 페이지","""2~8자 사이로 입력해주세요"" 유효성 검사 오류 메시지가 표시된다","- (프론트 유효성 검사)",,,,,
"테스트_인증_02","회원가입 [실패]","테스트_인증_02.008","비밀번호를 8자 미만으로 입력한다","회원가입 페이지","""8자 이상, 영문+숫자 조합"" 유효성 검사 오류 메시지가 표시된다","- (프론트 유효성 검사)",,,,,
"테스트_인증_02","회원가입 [실패]","테스트_인증_02.009","비밀번호를 숫자로만 8자 이상 입력한다","회원가입 페이지","""영문+숫자 조합"" 유효성 검사 오류 메시지가 표시된다","- (프론트 유효성 검사)",,,,,
"테스트_인증_02","회원가입 [실패]","테스트_인증_02.010","필수 약관에 동의하지 않고 회원가입 버튼을 클릭한다","회원가입 페이지","""필수 약관에 동의해주세요"" 안내 메시지가 표시된다","- (프론트 유효성 검사)",,,,,
"테스트_인증_02","회원가입 [실패]","테스트_인증_02.011","휴대폰번호를 잘못된 형식으로 입력한다","회원가입 페이지","유효한 전화번호 형식 안내 메시지가 표시된다","- (프론트 유효성 검사)",,,,,
"테스트_인증_03","비밀번호 찾기 [성공]","테스트_인증_03.001","비밀번호 찾기 페이지에 접속한다","비로그인 상태","3단계 스텝 UI(정보입력 → 인증 → 재설정)와 아이디/휴대폰번호 입력 폼이 표시된다","- (프론트 UI)",,,,,
"테스트_인증_03","비밀번호 찾기 [성공]","테스트_인증_03.002","올바른 아이디와 등록된 휴대폰번호를 입력하고 인증번호 전송을 요청한다","비로그인 상태 / 유효 계정","API 200 응답, 인증번호가 발송되고 인증번호 입력 단계로 이동한다","POST /api/auth/password-recovery/request → 200",,,,,
"테스트_인증_03","비밀번호 찾기 [성공]","테스트_인증_03.003","올바른 인증번호를 입력한다","인증번호 발송 완료","API 200 응답, 인증 성공 후 비밀번호 재설정 단계로 이동한다","POST /api/auth/password-recovery/verify → 200",,,,,
"테스트_인증_03","비밀번호 찾기 [성공]","테스트_인증_03.004","새 비밀번호를 유효한 형식으로 입력하고 재설정을 완료한다","인증 완료","API 200 응답, 비밀번호 변경 성공 후 로그인 페이지로 이동한다","POST /api/auth/password-recovery/reset → 200",,,,,
"테스트_인증_03","비밀번호 찾기 [성공]","테스트_인증_03.005","""로그인으로 돌아가기"" 링크를 클릭한다","비밀번호 찾기 페이지","로그인 페이지로 이동한다","- (프론트 라우팅)",,,,,
"테스트_인증_03","비밀번호 찾기 [실패]","테스트_인증_03.006","존재하지 않는 아이디로 인증번호 전송을 요청한다","비로그인 상태","API 404 응답, ""존재하지 않는 계정"" 오류 메시지가 표시된다","POST /api/auth/password-recovery/request → 404",,,,,
"테스트_인증_03","비밀번호 찾기 [실패]","테스트_인증_03.007","잘못된 인증번호를 입력한다","인증번호 발송 완료","API 400 응답, ""인증번호가 올바르지 않습니다"" 오류 메시지가 표시된다","POST /api/auth/password-recovery/verify → 400",,,,,
"테스트_축제_01","전국축제 메인 [성공]","테스트_축제_01.001","전국축제 메인 페이지에 접속한다","페이지 로드 완료","API 200 응답, 축제 카드 목록, 상태 필터, 검색바, 정렬 드롭다운, 페이지네이션이 표시된다","GET /api/festivals → 200",,,,,
"테스트_축제_01","전국축제 메인 [성공]","테스트_축제_01.002","""진행중"" 필터 버튼을 클릭한다","전국축제 메인 페이지","현재 진행 중인 축제만 목록에 표시되고 URL에 ?status=ongoing이 반영된다","GET /api/festivals?status=ongoing → 200",,,,,
"테스트_축제_01","전국축제 메인 [성공]","테스트_축제_01.003","""진행예정"" 필터 버튼을 클릭한다","전국축제 메인 페이지","진행 예정인 축제만 목록에 표시되고 URL에 ?status=upcoming이 반영된다","GET /api/festivals?status=upcoming → 200",,,,,
"테스트_축제_01","전국축제 메인 [성공]","테스트_축제_01.004","""전체"" 필터 버튼을 클릭한다","전국축제 메인 페이지","모든 상태의 축제가 목록에 표시된다","GET /api/festivals → 200",,,,,
"테스트_축제_01","전국축제 메인 [성공]","테스트_축제_01.005","검색바에 축제명(예: ""벚꽃"")을 입력하고 검색 버튼을 클릭한다","전국축제 메인 페이지","검색어가 포함된 축제만 목록에 표시된다","GET /api/festivals?keyword=벚꽃 → 200",,,,,
"테스트_축제_01","전국축제 메인 [성공]","테스트_축제_01.006","검색바에 지역명(예: ""서울"")을 입력하고 검색 버튼을 클릭한다","전국축제 메인 페이지","해당 지역의 축제만 목록에 표시된다","GET /api/festivals?keyword=서울 → 200",,,,,
"테스트_축제_01","전국축제 메인 [성공]","테스트_축제_01.007","""상세 필터"" 버튼을 클릭한다","전국축제 메인 페이지","상세 필터(지역, 기간 등) 패널이 펼쳐진다","- (프론트 UI)",,,,,
"테스트_축제_01","전국축제 메인 [성공]","테스트_축제_01.008","정렬 드롭다운에서 ""최신순""을 선택한다","전국축제 메인 페이지","축제 목록이 최신 등록순으로 정렬된다","GET /api/festivals?sort=latest → 200",,,,,
"테스트_축제_01","전국축제 메인 [성공]","테스트_축제_01.009","페이지네이션에서 ""2"" 페이지를 클릭한다","전국축제 메인 페이지","2페이지 축제 목록이 표시되고 URL에 ?page=2가 반영된다","GET /api/festivals?page=2 → 200",,,,,
"테스트_축제_01","전국축제 메인 [성공]","테스트_축제_01.010","페이지네이션에서 ""다음"" 버튼을 클릭한다","전국축제 메인 페이지","다음 페이지의 축제 목록이 표시된다","GET /api/festivals?page={n+1} → 200",,,,,
"테스트_축제_01","전국축제 메인 [성공]","테스트_축제_01.011","페이지네이션에서 ""이전"" 버튼을 클릭한다","전국축제 메인 2페이지 이상","이전 페이지의 축제 목록이 표시된다","GET /api/festivals?page={n-1} → 200",,,,,
"테스트_축제_01","전국축제 메인 [성공]","테스트_축제_01.012","축제 카드에 이미지, 상태 뱃지, 축제명, 기간, 평점, 리뷰 수, 즐겨찾기 수가 표시되는지 확인한다","전국축제 메인 페이지","API 응답 데이터 기반으로 모든 정보가 정상적으로 표시된다","GET /api/festivals → 200",,,,,
"테스트_축제_01","전국축제 메인 [성공]","테스트_축제_01.013","축제 카드를 클릭한다","전국축제 메인 페이지","해당 축제의 상세 페이지(/festivals/{id})로 이동한다","GET /api/festivals/{id} → 200",,,,,
"테스트_축제_01","전국축제 메인 [성공]","테스트_축제_01.014","""지도 뷰로 보기"" 버튼을 클릭한다","전국축제 메인 페이지","지도 뷰 페이지(/festivals/map)로 이동하고 마커가 표시된다","GET /api/festivals?size=999 → 200",,,,,
"테스트_축제_01","전국축제 메인 [실패]","테스트_축제_01.015","존재하지 않는 축제명으로 검색한다","전국축제 메인 페이지","API 200 응답(빈 리스트), ""검색 결과가 없습니다"" 안내 메시지가 표시된다","GET /api/festivals?keyword=xxx → 200 (empty)",,,,,
"테스트_축제_01","전국축제 메인 [실패]","테스트_축제_01.016","축제 카드의 하트(♥) 아이콘을 비로그인 상태에서 클릭한다","비로그인 상태","로그인 페이지로 이동하거나 로그인 요구 안내 메시지가 표시된다","POST /api/favorites → 401",,,,,
"테스트_축제_02","축제 상세 [성공]","테스트_축제_02.001","축제 상세 페이지에 접속한다","유효한 축제 ID","API 200 응답, 대표 이미지, 축제명, 기간, 위치, 설명, 리뷰 섹션이 표시된다","GET /api/festivals/{id} → 200",,,,,
"테스트_축제_02","축제 상세 [성공]","테스트_축제_02.002","""목록으로"" 버튼을 클릭한다","축제 상세 페이지","전국축제 메인 목록 페이지로 이동한다","- (프론트 라우팅)",,,,,
"테스트_축제_02","축제 상세 [성공]","테스트_축제_02.003","축제 상세 정보(축제명, 기간, 장소, 요금, 문의처)가 정상 표시되는지 확인한다","축제 상세 페이지","API 응답의 모든 상세 정보가 정상적으로 렌더링된다","GET /api/festivals/{id} → 200",,,,,
"테스트_축제_02","축제 상세 [성공]","테스트_축제_02.004","로그인 상태에서 즐겨찾기(하트) 버튼을 클릭한다","로그인 상태 / 축제 상세","API 200 응답, 하트가 채워지고 즐겨찾기에 추가된다","POST /api/favorites → 200",,,,,
"테스트_축제_02","축제 상세 [성공]","테스트_축제_02.005","이미 즐겨찾기 된 축제의 하트 버튼을 다시 클릭한다","로그인 상태 / 즐겨찾기 됨","API 200 응답, 하트가 비워지고 즐겨찾기에서 제거된다","DELETE /api/favorites/{festivalId} → 200",,,,,
"테스트_축제_02","축제 상세 [성공]","테스트_축제_02.006","리뷰 섹션에서 평균 별점과 리뷰 수가 표시되는지 확인한다","축제 상세 페이지","평균 별점, 총 리뷰 수, 별점 분포 차트가 표시된다","GET /api/reviews?festivalId={id} → 200",,,,,
"테스트_축제_02","축제 상세 [성공]","테스트_축제_02.007","로그인 상태에서 별점(1~5)을 선택하고 리뷰 내용을 입력한 후 ""리뷰 등록"" 버튼을 클릭한다","로그인 상태 / 유효 입력","API 201 응답, 리뷰가 등록되고 리뷰 목록에 새 리뷰가 표시된다","POST /api/reviews → 201",,,,,
"테스트_축제_02","축제 상세 [성공]","테스트_축제_02.008","""후기 전체보기"" 버튼을 클릭한다","축제 상세 페이지","해당 축제의 전체 리뷰 목록이 모두 표시된다","GET /api/reviews?festivalId={id} → 200",,,,,
"테스트_축제_02","축제 상세 [성공]","테스트_축제_02.009","본인이 작성한 리뷰의 수정 버튼을 클릭한다","로그인 상태 / 본인 리뷰","리뷰 수정 모드로 전환되어 내용을 편집할 수 있다","PUT /api/reviews/{reviewId} → 200",,,,,
"테스트_축제_02","축제 상세 [성공]","테스트_축제_02.010","본인이 작성한 리뷰의 삭제 버튼을 클릭한다","로그인 상태 / 본인 리뷰","삭제 확인 후 API 200 응답, 리뷰가 삭제되고 목록에서 제거된다","DELETE /api/reviews/{reviewId} → 200",,,,,
"테스트_축제_02","축제 상세 [성공]","테스트_축제_02.011","위치 정보 섹션에서 주소, 전화번호, 요금 정보가 표시되는지 확인한다","축제 상세 페이지","주소(지도 아이콘 포함), 문의 전화번호, 이용 요금이 정상 표시된다","GET /api/festivals/{id} → 200",,,,,
"테스트_축제_02","축제 상세 [실패]","테스트_축제_02.012","비로그인 상태에서 즐겨찾기(하트) 버튼을 클릭한다","비로그인 상태","로그인 요구 안내 메시지가 표시되거나 로그인 페이지로 이동한다","POST /api/favorites → 401",,,,,
"테스트_축제_02","축제 상세 [실패]","테스트_축제_02.013","비로그인 상태에서 리뷰 작성을 시도한다","비로그인 상태","로그인 요구 안내 메시지가 표시된다","POST /api/reviews → 401",,,,,
"테스트_축제_02","축제 상세 [실패]","테스트_축제_02.014","별점을 선택하지 않고 리뷰 등록을 시도한다","로그인 상태","별점 필수 입력 안내 메시지가 표시된다 (프론트 검증)","- (프론트 유효성 검사)",,,,,
"테스트_축제_02","축제 상세 [실패]","테스트_축제_02.015","리뷰 내용을 빈칸으로 두고 리뷰 등록을 시도한다","로그인 상태","내용 필수 입력 안내 메시지가 표시된다 (프론트 검증)","- (프론트 유효성 검사)",,,,,
"테스트_축제_03","지도 뷰 [성공]","테스트_축제_03.001","지도 뷰 페이지에 접속한다","페이지 로드 완료","API 200 응답, 좌측에 필터 사이드바, 우측에 카카오맵 지도와 마커가 표시된다","GET /api/festivals?size=999 → 200",,,,,
"테스트_축제_03","지도 뷰 [성공]","테스트_축제_03.002","좌측 사이드바에서 특정 지역(예: 서울)을 체크한다","지도 뷰 페이지","해당 지역의 축제 마커만 지도에 표시된다","- (프론트 필터링)",,,,,
"테스트_축제_03","지도 뷰 [성공]","테스트_축제_03.003","상태 필터에서 ""진행 중""을 선택한다","지도 뷰 페이지","진행 중인 축제 마커만 지도에 표시된다","- (프론트 필터링)",,,,,
"테스트_축제_03","지도 뷰 [성공]","테스트_축제_03.004","상태 필터에서 ""진행 예정""을 선택한다","지도 뷰 페이지","진행 예정인 축제 마커만 지도에 표시된다","- (프론트 필터링)",,,,,
"테스트_축제_03","지도 뷰 [성공]","테스트_축제_03.005","사이드바의 검색바에 축제명을 입력하여 검색한다","지도 뷰 페이지","검색된 축제의 마커가 지도에 표시되고 해당 위치로 이동한다","- (프론트 필터링)",,,,,
"테스트_축제_03","지도 뷰 [성공]","테스트_축제_03.006","""필터 초기화"" 버튼을 클릭한다","필터 적용 상태","모든 필터가 초기 상태로 돌아가고 전체 축제 마커가 표시된다","- (프론트 UI)",,,,,
"테스트_축제_03","지도 뷰 [성공]","테스트_축제_03.007","지도 위의 축제 마커를 클릭한다","지도 뷰 페이지","해당 축제의 간략 정보(이름, 기간 등) 인포윈도우가 표시된다","- (카카오맵 SDK)",,,,,
"테스트_축제_03","지도 뷰 [성공]","테스트_축제_03.008","인포윈도우에서 축제 상세 링크를 클릭한다","인포윈도우 표시 상태","해당 축제의 상세 페이지(/festivals/{id})로 이동한다","GET /api/festivals/{id} → 200",,,,,
"테스트_축제_03","지도 뷰 [성공]","테스트_축제_03.009","""내 위치로 이동"" 버튼을 클릭한다","지도 뷰 페이지","GPS 위치 권한을 요청하고, 승인 시 현재 위치로 지도가 이동한다","- (Geolocation API)",,,,,
"테스트_축제_03","지도 뷰 [성공]","테스트_축제_03.010","줌인(+) / 줌아웃(-) 버튼을 클릭한다","지도 뷰 페이지","지도의 확대/축소가 정상 동작한다","- (카카오맵 SDK)",,,,,
"테스트_축제_04","지난 축제 [성공]","테스트_축제_04.001","지난축제 페이지에 접속한다","페이지 로드 완료","API 200 응답, ""종료된 축제를 둘러보고 리뷰를 남겨보세요"" 안내와 종료된 축제 목록이 표시된다","GET /api/festivals?status=ended → 200",,,,,
"테스트_축제_04","지난 축제 [성공]","테스트_축제_04.002","축제 카드에 ""종료"" 뱃지가 표시되는지 확인한다","지난축제 페이지","모든 카드에 회색 ""종료"" 상태 뱃지가 표시된다","- (프론트 UI)",,,,,
"테스트_축제_04","지난 축제 [성공]","테스트_축제_04.003","종료된 축제 카드를 클릭한다","지난축제 페이지","해당 축제의 상세 페이지로 이동한다","GET /api/festivals/{id} → 200",,,,,
"테스트_축제_04","지난 축제 [성공]","테스트_축제_04.004","종료된 축제 상세 페이지에서 리뷰를 작성한다(로그인 상태)","로그인 상태 / 종료 축제 상세","API 201 응답, 리뷰가 정상 등록된다","POST /api/reviews → 201",,,,,
"테스트_축제_04","지난 축제 [성공]","테스트_축제_04.005","페이지네이션이 정상 동작하는지 확인한다","지난축제 페이지","페이지 전환 시 다른 종료된 축제 목록이 표시된다","GET /api/festivals?status=ended&page=2 → 200",,,,,
"테스트_축제_05","달력 뷰 [성공]","테스트_축제_05.001","달력 페이지에 접속한다","페이지 로드 완료","API 200 응답, 현재 월의 달력이 표시되고 오늘 날짜가 강조 표시된다","GET /api/calendar → 200",,,,,
"테스트_축제_05","달력 뷰 [성공]","테스트_축제_05.002","연도 드롭다운에서 다른 연도를 선택한다","달력 페이지","선택한 연도의 달력으로 전환된다","GET /api/calendar?year={y}&month={m} → 200",,,,,
"테스트_축제_05","달력 뷰 [성공]","테스트_축제_05.003","월 드롭다운에서 다른 월을 선택한다","달력 페이지","선택한 월의 달력으로 전환된다","GET /api/calendar?year={y}&month={m} → 200",,,,,
"테스트_축제_05","달력 뷰 [성공]","테스트_축제_05.004","좌측 화살표(←) 버튼을 클릭한다","달력 페이지","이전 월의 달력으로 이동한다","GET /api/calendar?year={y}&month={m-1} → 200",,,,,
"테스트_축제_05","달력 뷰 [성공]","테스트_축제_05.005","우측 화살표(→) 버튼을 클릭한다","달력 페이지","다음 월의 달력으로 이동한다","GET /api/calendar?year={y}&month={m+1} → 200",,,,,
"테스트_축제_05","달력 뷰 [성공]","테스트_축제_05.006","축제가 있는 날짜를 클릭한다","달력 페이지","달력 하단에 해당 날짜에 진행 중인 축제 목록이 표시된다","GET /api/calendar/festivals?date={d} → 200",,,,,
"테스트_축제_05","달력 뷰 [성공]","테스트_축제_05.007","달력의 날짜 셀에 축제 개수 표시가 되는지 확인한다","달력 페이지","축제가 있는 날짜에 축제 수 또는 표시 마커가 보인다","GET /api/calendar → 200",,,,,
"테스트_축제_05","달력 뷰 [실패]","테스트_축제_05.008","축제가 없는 날짜를 클릭한다","달력 페이지","API 200 응답(빈 리스트), ""해당 날짜에 축제가 없습니다"" 안내 메시지가 표시된다","GET /api/calendar/festivals?date={d} → 200 (empty)",,,,,
"테스트_커뮤니티_01","커뮤니티 [성공]","테스트_커뮤니티_01.001","커뮤니티 페이지에 접속한다","페이지 로드 완료","API 200 응답, 게시글 검색바, 카테고리 필터, 정렬 옵션, 게시글 목록이 표시된다","GET /api/community/posts → 200",,,,,
"테스트_커뮤니티_01","커뮤니티 [성공]","테스트_커뮤니티_01.002","검색바에 키워드를 입력하고 검색한다","커뮤니티 페이지","해당 키워드가 포함된 게시글만 목록에 표시된다","GET /api/community/posts?keyword={kw} → 200",,,,,
"테스트_커뮤니티_01","커뮤니티 [성공]","테스트_커뮤니티_01.003","상세 필터에서 카테고리를 선택한다","커뮤니티 페이지","선택한 카테고리의 게시글만 목록에 표시된다","GET /api/community/posts?category={cat} → 200",,,,,
"테스트_커뮤니티_01","커뮤니티 [성공]","테스트_커뮤니티_01.004","로그인 상태에서 ""글쓰기"" 버튼을 클릭한다","로그인 상태","게시글 작성 페이지(/community/write)로 이동한다","- (프론트 라우팅)",,,,,
"테스트_커뮤니티_01","커뮤니티 [성공]","테스트_커뮤니티_01.005","게시글 작성 페이지에서 제목, 카테고리, 내용을 입력하고 등록한다","로그인 상태 / 유효 입력","API 201 응답, 게시글이 등록되고 커뮤니티 목록에 표시된다","POST /api/community/posts → 201",,,,,
"테스트_커뮤니티_01","커뮤니티 [성공]","테스트_커뮤니티_01.006","게시글 목록에서 특정 게시글을 클릭한다","커뮤니티 페이지","API 200 응답, 게시글 상세 페이지로 이동하고 내용, 작성자, 작성일, 댓글이 표시된다","GET /api/community/posts/{postId} → 200",,,,,
"테스트_커뮤니티_01","커뮤니티 [성공]","테스트_커뮤니티_01.007","게시글 상세에서 댓글을 작성한다(로그인 상태)","로그인 상태 / 게시글 상세","API 201 응답, 댓글이 등록되고 댓글 목록에 표시된다","POST /api/community/posts/{postId}/comments → 201",,,,,
"테스트_커뮤니티_01","커뮤니티 [성공]","테스트_커뮤니티_01.008","본인이 작성한 게시글의 수정 버튼을 클릭한다","로그인 상태 / 본인 게시글","게시글 수정 페이지로 이동하고 기존 내용이 채워져 있다","PUT /api/community/posts/{postId} → 200",,,,,
"테스트_커뮤니티_01","커뮤니티 [성공]","테스트_커뮤니티_01.009","본인이 작성한 게시글의 삭제 버튼을 클릭한다","로그인 상태 / 본인 게시글","삭제 확인 팝업 후 API 200 응답, 게시글이 삭제되고 목록 페이지로 이동한다","DELETE /api/community/posts/{postId} → 200",,,,,
"테스트_커뮤니티_01","커뮤니티 [성공]","테스트_커뮤니티_01.010","본인이 작성한 댓글의 삭제 버튼을 클릭한다","로그인 상태 / 본인 댓글","API 200 응답, 댓글이 삭제되고 댓글 목록에서 제거된다","DELETE /api/community/comments/{commentId} → 200",,,,,
"테스트_커뮤니티_01","커뮤니티 [성공]","테스트_커뮤니티_01.011","타인의 게시글/댓글에 신고 버튼을 클릭한다(로그인 상태)","로그인 상태","API 201 응답, 신고 사유 선택 팝업이 표시되고 신고가 접수된다","POST /api/reports → 201",,,,,
"테스트_커뮤니티_01","커뮤니티 [실패]","테스트_커뮤니티_01.012","비로그인 상태에서 ""글쓰기"" 버튼을 클릭한다","비로그인 상태","로그인 요구 안내 메시지 또는 로그인 페이지로 이동한다","- (프론트 인증 체크)",,,,,
"테스트_커뮤니티_01","커뮤니티 [실패]","테스트_커뮤니티_01.013","제목을 빈칸으로 두고 게시글 등록을 시도한다","로그인 상태","제목 필수 입력 안내 메시지가 표시된다 (프론트 검증)","- (프론트 유효성 검사)",,,,,
"테스트_커뮤니티_01","커뮤니티 [실패]","테스트_커뮤니티_01.014","게시글 상세에서 비로그인 상태로 댓글 작성을 시도한다","비로그인 상태","로그인 요구 안내 메시지가 표시된다","POST /api/community/posts/{postId}/comments → 401",,,,,
"테스트_공지_01","공지사항 [성공]","테스트_공지_01.001","공지사항 페이지에 접속한다","페이지 로드 완료","API 200 응답, ""📢 공지사항"" 제목, 검색바, 공지 목록이 표시된다","GET /api/notices → 200",,,,,
"테스트_공지_01","공지사항 [성공]","테스트_공지_01.002","검색바에 키워드를 입력하고 검색 버튼을 클릭한다","공지사항 페이지","해당 키워드가 포함된 공지만 목록에 표시된다","GET /api/notices?keyword={kw} → 200",,,,,
"테스트_공지_01","공지사항 [성공]","테스트_공지_01.003","공지사항 목록에서 특정 공지를 클릭한다","공지사항 페이지","API 200 응답, 공지 상세 내용 페이지로 이동하고 조회수가 증가한다","GET /api/notices/{noticeId} → 200",,,,,
"테스트_공지_01","공지사항 [성공]","테스트_공지_01.004","공지사항 상세 페이지에서 ""목록으로"" 버튼을 클릭한다","공지 상세 페이지","공지사항 목록 페이지로 이동한다","- (프론트 라우팅)",,,,,
"테스트_공지_01","공지사항 [성공]","테스트_공지_01.005","메인 페이지 접속시 팝업 공지가 있는지 확인한다","팝업 공지 등록 상태","API 200 응답, 팝업 공지가 메인 페이지에 표시된다","GET /api/notices/popup → 200",,,,,
"테스트_마이페이지_01","찜목록 [성공]","테스트_마이페이지_01.001","로그인 후 마이페이지 > 찜목록을 클릭한다","로그인 상태","API 200 응답, 즐겨찾기한 축제 목록이 표시된다","GET /api/favorites → 200",,,,,
"테스트_마이페이지_01","찜목록 [성공]","테스트_마이페이지_01.002","찜목록에서 특정 축제 카드를 클릭한다","찜목록 페이지","해당 축제 상세 페이지로 이동한다","GET /api/festivals/{id} → 200",,,,,
"테스트_마이페이지_01","찜목록 [성공]","테스트_마이페이지_01.003","찜목록에서 하트 아이콘을 클릭하여 즐겨찾기를 해제한다","찜목록 페이지","API 200 응답, 해당 축제가 찜목록에서 제거된다","DELETE /api/favorites/{festivalId} → 200",,,,,
"테스트_마이페이지_01","찜목록 [실패]","테스트_마이페이지_01.004","즐겨찾기한 축제가 없는 경우를 확인한다","찜목록 비어있음","API 200 응답(빈 리스트), ""찜한 축제가 없습니다"" 빈 상태 안내가 표시된다","GET /api/favorites → 200 (empty)",,,,,
"테스트_마이페이지_02","내 게시글/리뷰 [성공]","테스트_마이페이지_02.001","마이페이지 > 내 게시글 탭을 클릭한다","로그인 상태","API 200 응답, 본인이 작성한 게시글 목록이 표시된다","GET /api/users/me/posts → 200",,,,,
"테스트_마이페이지_02","내 게시글/리뷰 [성공]","테스트_마이페이지_02.002","내 게시글 목록에서 특정 게시글을 클릭한다","내 게시글 페이지","해당 게시글 상세 페이지로 이동한다","GET /api/community/posts/{postId} → 200",,,,,
"테스트_마이페이지_02","내 게시글/리뷰 [성공]","테스트_마이페이지_02.003","마이페이지 > 내 리뷰 탭을 클릭한다","로그인 상태","API 200 응답, 본인이 작성한 리뷰 목록이 표시된다","GET /api/users/me/reviews → 200",,,,,
"테스트_마이페이지_02","내 게시글/리뷰 [성공]","테스트_마이페이지_02.004","마이페이지 > 내 댓글 탭을 클릭한다","로그인 상태","API 200 응답, 본인이 작성한 댓글 목록이 표시된다","GET /api/mypage/activities?type=comments → 200",,,,,
"테스트_마이페이지_02","내 게시글/리뷰 [성공]","테스트_마이페이지_02.005","내 댓글 목록에서 특정 댓글을 클릭한다","내 댓글 페이지","해당 댓글이 있는 게시글 상세 페이지로 이동한다","GET /api/community/posts/{postId} → 200",,,,,
"테스트_마이페이지_03","1:1 문의 [성공]","테스트_마이페이지_03.001","마이페이지 > 내 문의 탭을 클릭한다","로그인 상태","API 200 응답, 본인이 작성한 문의 내역 목록이 표시된다","GET /api/users/me/inquiries → 200",,,,,
"테스트_마이페이지_03","1:1 문의 [성공]","테스트_마이페이지_03.002","""문의 작성"" 버튼을 클릭하고 카테고리, 제목, 내용을 입력하여 문의를 등록한다","로그인 상태 / 유효 입력","API 201 응답, 문의가 접수되고 ""접수완료"" 상태로 내 문의 내역에 표시된다","POST /api/users/me/inquiries → 201",,,,,
"테스트_마이페이지_03","1:1 문의 [성공]","테스트_마이페이지_03.003","내 문의 내역에서 특정 문의를 클릭한다","내 문의 페이지","문의 상세(질문 내용, 답변 내용, 상태)가 표시된다","GET /api/users/me/inquiries → 200",,,,,
"테스트_마이페이지_03","1:1 문의 [성공]","테스트_마이페이지_03.004","답변 완료된 문의의 상태를 확인한다","관리자 답변 완료","""답변완료"" 상태 뱃지와 관리자 답변 내용이 표시된다","GET /api/users/me/inquiries → 200",,,,,
"테스트_마이페이지_04","신고내역 [성공]","테스트_마이페이지_04.001","마이페이지 > 내 신고내역 탭을 클릭한다","로그인 상태","API 200 응답, 본인이 신고한 내역 목록이 표시된다","GET /api/reports/me → 200",,,,,
"테스트_마이페이지_04","신고내역 [성공]","테스트_마이페이지_04.002","신고내역에서 특정 신고를 클릭한다","내 신고내역 페이지","신고 상세(신고 대상, 사유, 처리 상태)가 표시된다","GET /api/reports/me/{reportId} → 200",,,,,
"테스트_마이페이지_04","신고내역 [성공]","테스트_마이페이지_04.003","처리 완료된 신고의 상태를 확인한다","관리자 처리 완료","""처리완료"" 상태와 처리 결과가 표시된다","GET /api/reports/me → 200",,,,,
"테스트_마이페이지_05","설정 [성공]","테스트_마이페이지_05.001","마이페이지 > 설정을 클릭한다","로그인 상태","API 200 응답, 프로필 정보(아이디, 닉네임, 휴대폰번호), 비밀번호 변경, 회원탈퇴 섹션이 표시된다","GET /api/mypage/profile → 200",,,,,
"테스트_마이페이지_05","설정 [성공]","테스트_마이페이지_05.002","닉네임을 수정하고 저장 버튼을 클릭한다","설정 페이지 / 유효 닉네임","API 200 응답, 닉네임이 변경되고 성공 메시지가 표시된다","PUT /api/mypage → 200",,,,,
"테스트_마이페이지_05","설정 [성공]","테스트_마이페이지_05.003","현재 비밀번호, 새 비밀번호를 입력하고 비밀번호 변경을 요청한다","설정 페이지 / 유효 입력","API 200 응답, 비밀번호가 변경되고 성공 메시지가 표시된다","PUT /api/mypage → 200",,,,,
"테스트_마이페이지_05","설정 [성공]","테스트_마이페이지_05.004","""회원탈퇴"" 버튼을 클릭한다","설정 페이지","회원탈퇴 확인 팝업이 표시된다","- (프론트 UI)",,,,,
"테스트_마이페이지_05","설정 [성공]","테스트_마이페이지_05.005","회원탈퇴 확인 팝업에서 ""확인""을 클릭한다","탈퇴 팝업 표시 상태","API 200 응답, 계정이 삭제되고 로그아웃 처리 후 메인 페이지로 이동한다","DELETE /api/auth/me → 200",,,,,
"테스트_마이페이지_05","설정 [실패]","테스트_마이페이지_05.006","현재 비밀번호를 틀리게 입력하고 비밀번호 변경을 시도한다","설정 페이지","API 400 응답, ""현재 비밀번호가 올바르지 않습니다"" 오류 메시지가 표시된다","PUT /api/mypage → 400",,,,,
"테스트_알림_01","FCM 알림 [성공]","테스트_알림_01.001","로그인 후 알림 아이콘(벨)을 클릭한다","로그인 상태","API 200 응답, 알림 드롭다운/페이지가 표시된다","GET /api/users/me/notifications → 200",,,,,
"테스트_알림_01","FCM 알림 [성공]","테스트_알림_01.002","즐겨찾기한 축제의 시작일이 다가오면 알림이 표시되는지 확인한다","즐겨찾기 축제 있음","축제 시작 알림이 도착한다","- (FCM Push)",,,,,
"테스트_알림_01","FCM 알림 [성공]","테스트_알림_01.003","알림을 클릭한다","알림 수신 상태","해당 알림과 관련된 페이지(축제 상세 등)로 이동한다","PATCH /api/users/me/notifications/read → 200",,,,,
"테스트_알림_01","FCM 알림 [성공]","테스트_알림_01.004","읽지 않은 알림이 있을 때 알림 아이콘에 뱃지가 표시되는지 확인한다","미읽 알림 존재","API 응답의 unread 카운트 기반으로 읽지 않은 알림 수가 뱃지로 표시된다","GET /api/users/me/notifications → 200",,,,,
"테스트_관리자_01","통계 대시보드 [성공]","테스트_관리자_01.001","관리자 계정으로 로그인 후 관리자 대시보드에 접속한다","관리자 로그인 상태","API 200 응답, 축제 통계, 사용자 통계, 차트 등 대시보드 화면이 표시된다","GET /api/admin/dashboard → 200",,,,,
"테스트_관리자_01","통계 대시보드 [성공]","테스트_관리자_01.002","대시보드에서 축제 수, 사용자 수, 리뷰 수 등 주요 통계가 표시되는지 확인한다","관리자 대시보드","각 통계 수치 카드가 정상 표시된다","GET /api/admin/dashboard → 200",,,,,
"테스트_관리자_01","통계 대시보드 [실패]","테스트_관리자_01.003","일반 사용자 계정으로 관리자 페이지에 접근을 시도한다","일반 사용자 로그인","API 403 응답, 접근 권한 없음 처리가 되고 접근이 거부된다","GET /api/admin/dashboard → 403",,,,,
"테스트_관리자_02","축제 관리 [성공]","테스트_관리자_02.001","관리자 > 공공축제 관리 페이지에 접속한다","관리자 로그인 상태","API 200 응답, 공공데이터 축제 목록이 표시된다","GET /api/admin/festivals → 200",,,,,
"테스트_관리자_02","축제 관리 [성공]","테스트_관리자_02.002","""데이터 동기화"" 버튼을 클릭한다","관리자 축제 관리","API 200 응답, 공공데이터포털에서 축제 데이터를 가져와 DB에 동기화한다","POST /api/admin/festivals/sync/all → 200",,,,,
"테스트_관리자_02","축제 관리 [성공]","테스트_관리자_02.003","관리자 > 축제 관리 페이지에서 특정 축제를 선택한다","관리자 축제 관리","축제 상세 정보 편집 화면이 표시된다","GET /api/admin/festivals → 200",,,,,
"테스트_관리자_02","축제 관리 [성공]","테스트_관리자_02.004","축제 정보를 수정하고 저장 버튼을 클릭한다","축제 편집 화면","API 200 응답, 축제 정보가 업데이트되고 성공 메시지가 표시된다","PATCH /api/admin/festivals/{id}/visibility → 200",,,,,
"테스트_관리자_03","신고 관리 [성공]","테스트_관리자_03.001","관리자 > 신고 관리 페이지에 접속한다","관리자 로그인 상태","API 200 응답, 접수된 신고 목록(대기/처리완료 상태)이 표시된다","GET /api/admin/reports → 200",,,,,
"테스트_관리자_03","신고 관리 [성공]","테스트_관리자_03.002","""대기"" 상태의 신고를 클릭하고 상세 내용을 확인한다","신고 관리 페이지","신고 대상, 신고자, 사유, 원본 콘텐츠가 표시된다","GET /api/admin/reports/{reportId}/target → 200",,,,,
"테스트_관리자_03","신고 관리 [성공]","테스트_관리자_03.003","신고를 ""처리완료""로 변경하고 처리 사유를 입력한다","신고 상세 모달","API 200 응답, 신고 상태가 ""처리완료""로 변경된다","PATCH /api/admin/reports/{reportId}/process → 200",,,,,
"테스트_관리자_03","신고 관리 [성공]","테스트_관리자_03.004","신고된 게시글/댓글을 삭제 처리한다","신고 상세 모달","API 200 응답, 해당 콘텐츠가 삭제되고 신고가 처리된다","PATCH /api/admin/reports/{reportId}/process → 200",,,,,
"테스트_관리자_04","공지/팝업 관리 [성공]","테스트_관리자_04.001","관리자 > 공지사항 관리 페이지에서 ""공지 작성"" 버튼을 클릭한다","관리자 로그인 상태","공지사항 작성 폼이 표시된다","- (프론트 UI)",,,,,
"테스트_관리자_04","공지/팝업 관리 [성공]","테스트_관리자_04.002","제목, 내용을 입력하고 등록한다","공지 작성 폼","API 201 응답, 공지사항이 등록되고 사용자 공지사항 페이지에 표시된다","POST /api/admin/notices → 201",,,,,
"테스트_관리자_04","공지/팝업 관리 [성공]","테스트_관리자_04.003","기존 공지사항을 수정한다","공지 관리 페이지","API 200 응답, 수정된 내용이 반영되고 성공 메시지가 표시된다","PUT /api/admin/notices/{noticeId} → 200",,,,,
"테스트_관리자_04","공지/팝업 관리 [성공]","테스트_관리자_04.004","기존 공지사항을 삭제한다","공지 관리 페이지","삭제 확인 후 API 200 응답, 공지사항이 삭제되고 목록에서 제거된다","DELETE /api/admin/notices/{noticeId} → 200",,,,,
"테스트_관리자_04","공지/팝업 관리 [성공]","테스트_관리자_04.005","관리자 > 팝업 관리에서 메인 페이지 팝업을 등록한다","관리자 로그인 상태","API 200 응답, 메인 페이지 접속 시 등록한 팝업이 표시된다","POST /api/admin/notices (isPopup=true) → 201",,,,,
"테스트_관리자_05","문의/회원 관리 [성공]","테스트_관리자_05.001","관리자 > 문의 관리 페이지에 접속한다","관리자 로그인 상태","API 200 응답, 사용자 1:1 문의 목록(접수/답변완료 상태)이 표시된다","GET /api/admin/inquiries → 200",,,,,
"테스트_관리자_05","문의/회원 관리 [성공]","테스트_관리자_05.002","""접수"" 상태의 문의를 클릭하고 답변을 작성한다","문의 관리 페이지","API 200 응답, 답변이 등록되고 문의 상태가 ""답변완료""로 변경된다","POST /api/admin/inquiries/{inquiryId}/answer → 200",,,,,
"테스트_관리자_05","문의/회원 관리 [성공]","테스트_관리자_05.003","관리자 > 회원 관리 페이지에 접속한다","관리자 로그인 상태","API 200 응답, 전체 회원 목록(아이디, 닉네임, 가입일, 상태)이 표시된다","GET /api/admin/members → 200",,,,,
"테스트_관리자_05","문의/회원 관리 [성공]","테스트_관리자_05.004","회원 목록에서 특정 회원을 검색한다","회원 관리 페이지","해당 회원 정보가 검색 결과에 표시된다","GET /api/admin/members?keyword={kw} → 200",,,,,
"테스트_관리자_05","문의/회원 관리 [성공]","테스트_관리자_05.005","특정 회원의 계정을 정지 처리한다","회원 관리 페이지","API 200 응답, 해당 회원의 상태가 ""정지""로 변경된다","PATCH /api/admin/members/{userId}/status → 200",,,,,
"테스트_관리자_05","문의/회원 관리 [실패]","테스트_관리자_05.006","정지된 회원 계정으로 로그인을 시도한다","정지 처리 완료","API 403 응답, 계정 정지 안내 메시지가 표시되고 로그인이 거부된다","POST /api/auth/login → 403",,,,,
